,edge_hash_id,srcnode_hash_id,label
0,13887441065094780649,17771668265587694735,success
1,16405013716375861659,4335884619258602081,success
2,18061526840723033036,7396909797025493981,success
3,3396389239463738538,14555672028300625303,success
4,3807867944520812062,9806539816656193131,success
5,7222761242416902563,11825511505450291005,success
532,1012808515608935732,5268994886437381315,success
1735,10419888903711383915,5268994886437381315,success
3532,10851019316618695038,5268994886437381315,success
8848,12174652721214477891,5268994886437381315,success
9321,12295398257918029434,5268994886437381315,success
9381,12313639215590099118,5268994886437381315,success
9847,12425801973924534846,5268994886437381315,success
10162,12493877506723516752,5268994886437381315,success
10485,12574993176008055663,5268994886437381315,success
12227,13009930059659480794,1743053606543791535,success
12549,13095161688970634147,5268994886437381315,success
14325,13536361316345344840,1743053606543791535,success
14776,13650770959400147754,5268994886437381315,success
15919,1394010248870598518,5268994886437381315,success
17050,14218978053357986479,5268994886437381315,success
17213,14261890404766187069,1743053606543791535,success
17317,14292224311441506025,1743053606543791535,success
18267,14527019168400844860,5268994886437381315,success
19857,14907796753699052331,5268994886437381315,success
21000,15196373325466368714,1743053606543791535,success
24636,16104172119980274912,1743053606543791535,success
26506,16568949156918697437,5268994886437381315,success
26782,16634684573463288115,5268994886437381315,success
28047,16951121732043960894,5268994886437381315,success
29613,17330298302064416322,5268994886437381315,success
30597,17571254746250671283,1743053606543791535,success
32311,17999877307064865110,1743053606543791535,success
32386,18020291241975085913,1743053606543791535,success
33011,18177144019012668953,1743053606543791535,success
35066,2077381804426973033,5268994886437381315,success
35119,2090261830834042362,5268994886437381315,success
35386,215980687901262205,5268994886437381315,success
36162,2343107741041753358,5268994886437381315,success
37675,2707985334187008473,5268994886437381315,success
37703,2714794007108996441,5268994886437381315,success
39253,3097665082793245181,5268994886437381315,success
42125,3820439159266608371,1743053606543791535,success
42654,3952384662388710731,5268994886437381315,success
42915,4009448950206961128,1743053606543791535,success
47150,5046841637940790690,1743053606543791535,success
48663,5418550104388793716,1743053606543791535,success
49075,5519673408464766696,5268994886437381315,success
50064,5764614026080542852,1743053606543791535,success
50715,5921601887485273991,5268994886437381315,success
51795,6198696443898779744,1743053606543791535,success
53866,6698356204957238775,5268994886437381315,success
56305,7291385549102768488,5268994886437381315,success
57473,7573604826677441305,1743053606543791535,success
57585,7600371266038973471,1743053606543791535,success
58090,7725789952037932455,5268994886437381315,success
59105,7980627548949418135,1743053606543791535,success
59419,8068436783360621455,5268994886437381315,success
59978,8202692776518921825,1743053606543791535,success
60906,8430780271080228423,1743053606543791535,success
64972,9413505513915733817,5268994886437381315,success
