edge_hash_id,srcnode_hash_id,label
1010138819977823674,13010331010646106706,success
10306374114719069007,3628580958099819231,success
10524451831489449927,11910775191543896535,success
10533886982688325934,7471172720340189104,success
10760435900687724872,5553276916696492072,success
11831765559853426605,6755623552708981420,success
11909616519492169687,1645661046611232757,success
13078407132892864109,12712583452876866376,success
13213151438538233747,7101761347246430553,success
13302520921620706271,6755623552708981420,success
13556971573041420604,1891211477832167028,success
13591166269994461678,5808223233822474782,success
13662012150638807571,6755623552708981420,success
13771018396026388364,1260707228856290205,success
13979023449452505896,2105654769436820499,success
14348411280320215206,1244048236292663555,success
1444881404454829065,3405861389488827318,success
14519680925903658742,14045675526887991193,success
14521384462398818040,5272076769368463277,success
14791922920725474390,5553276916696492072,success
15031892716027355845,5358051870656212042,success
15336390532461255214,11466655691312971548,success
15953874737887469282,14119531225174892002,success
16274509772724163880,14467516507405419914,success
16431996098140603673,6432973188344925958,success
16826372676560075366,1891211477832167028,success
16891856812131485824,4264518590012927163,success
17045339661468080506,5358051870656212042,success
17369712550303535703,3405861389488827318,success
1861392470804319439,17723325999507239367,success
1949465705766836696,1891211477832167028,success
2070573220379593015,2437906388396555571,success
3364364183161304148,8738762451223883244,success
3427100472451421435,4458958528374849119,success
3838104793599504596,7871595046366635361,success
3858784970230523242,5553276916696492072,success
4606011149206288677,851936258962762596,success
4786509758283761504,15180656341269888307,success
5104478768333063964,6755623552708981420,success
5136337480375079739,1244048236292663555,success
5642590446612261688,16269996967824164308,success
5749924334175692856,9886943789283483644,success
5990965129428991342,16914578311786233821,success
6076857743399112970,1050458542359783094,success
6284924252206021579,14439141853461982233,success
6285674440569513183,6143104798659372028,success
6723153584454816906,6755623552708981420,success
7507365251198896784,6755623552708981420,success
7986014001459106265,14372880910828540735,success
8298882492161287501,11110763905579709624,success
8453088032407780009,18395755298815220337,success
9468627328277956424,17479825273755069258,success
10902789013706035715,4280226154892921811,success
11698982154282545626,17664507802593799689,success
1207622361085793547,4280226154892921811,success
14321988649411300174,15111035676794172949,success
14529679776880694902,14879332971246585171,success
14580895356342822774,14879332971246585171,success
14659127842952606478,14879332971246585171,success
14729384854782437155,14879332971246585171,failure
14840421172817060018,16216924328007712827,success
1506912468648177479,6032676118520968395,failure
15666809931065829179,14152457547172223631,failure
15888297296701677536,14879332971246585171,failure
15928980683608147657,8643077233849567310,success
17563005463802679055,14879332971246585171,failure
17784028124677252195,1616093485994490575,success
2317969247354937641,17124388596369975923,failure
2605319475337390152,14879332971246585171,failure
2637794602667756887,14879332971246585171,failure
3439223530813910046,14423766433317081135,failure
3550903579338673872,12859780567730570559,success
3601937784189131148,11696908615305513769,success
3679905601507293027,5756220047736034440,success
3982789405690427130,6755623552708981420,success
4024311468481609740,17664507802593799689,success
4039267157277457068,4138067304763667175,failure
4273825143630974464,9144747223163471162,failure
4717042213081522518,5598313254008846639,success
4825872559202568708,14879332971246585171,failure
4967724516560243183,277199177768759059,failure
5321062469141571010,14879332971246585171,failure
5321250866952566381,11696908615305513769,success
5868077332591596026,5756220047736034440,success
5884376444229096435,11696908615305513769,success
6311282247150147082,13204053790407592543,success
6629103094424928110,14879332971246585171,failure
6653028275582769867,14879332971246585171,failure
7515065599174306109,16216924328007712827,success
7959567118964076115,14879332971246585171,failure
8494733268893736451,17664507802593799689,success
8873508082509876110,14879332971246585171,failure
896347001863458530,16594151424562572479,success
9757977774587516881,14879332971246585171,failure
11626760227721988579,8760347564188592747,success
12639585021023517132,4138067304763667175,failure
13440443229278242786,8760347564188592747,success
15946471090297529022,4138067304763667175,failure
17818936403814403875,16040500127722685787,success
18337669709467049791,1616093485994490575,success
5128881256678160360,8760347564188592747,success
8413639875778925739,1616093485994490575,success
8517771446707571356,16040500127722685787,success
